candidate_id	species	tribe	scaffold	start	end	strand	classification_safari	rss_ic	heptamer_mm	spacer_len	fr4_motif	stop_codons	aa_sequence
addax_nasomaculatus_JH_01	addax_nasomaculatus	Hippotragini	CM094580.1	69495520	69496021	-	Pseudogene	15.85	2	22	WGRG	0	DYYSIDVWGRGLLVTISS
addax_nasomaculatus_JH_02	addax_nasomaculatus	Hippotragini	CM094580.1	69496047	69496548	-	Pseudogene	13.64	5	24	WGRG	0	NDWLKHWGRGPWTLSA
addax_nasomaculatus_JH_03	addax_nasomaculatus	Hippotragini	CM094580.1	69496437	69496938	-	Functional	20.27	1	23	WGPG	0	DYIDYWGPGILVTVSS
addax_nasomaculatus_JH_04	addax_nasomaculatus	Hippotragini	CM094580.1	69496747	69497248	-	Pseudogene	11.43	6	21	WGQR	0	ALDSWGQRVPVTVSS
addax_nasomaculatus_JH_05	addax_nasomaculatus	Hippotragini	CM094580.1	69497097	69497598	-	Pseudogene	13.64	5	24	WGLD	0	CWGLDLWGERTPATVSL
addax_nasomaculatus_JH_06	addax_nasomaculatus	Hippotragini	CM094580.1	69497277	69497778	-	ORF	13.64	5	24	NONE	0	TMLTSISGTRVPWSPSPQ
aepyceros_melampus_JH_01	aepyceros_melampus	Aepycerotini	SJXQ01013053.1	73047	73548	+	Pseudogene	15.85	2	22	WGQG	0	YDCADFHLWGQGALVIVSS
aepyceros_melampus_JH_02	aepyceros_melampus	Aepycerotini	SJXQ01013053.1	73231	73732	+	Functional	15.85	2	22	WGQR	0	CWDLELWGQRTPVTVSL
aepyceros_melampus_JH_03	aepyceros_melampus	Aepycerotini	SJXQ01013053.1	73565	74066	+	ORF	11.43	6	24	NONE	0	NAFDSWDQRAPVS
aepyceros_melampus_JH_04	aepyceros_melampus	Aepycerotini	SJXQ01013053.1	73878	74379	+	Pseudogene	15.85	2	23	WGPG	0	DYIDLWGPGILVTVS
aepyceros_melampus_JH_05	aepyceros_melampus	Aepycerotini	SJXQ01013053.1	74264	74765	+	Pseudogene	11.43	6	25	WGRG	0	NDWLKHWGRGPWALS
aepyceros_melampus_JH_06	aepyceros_melampus	Aepycerotini	SJXQ01013053.1	74817	75318	+	Functional	24.69	0	22	WGRG	0	DYYNINLWGRGVLVTVSSGK
bos_javanicus_JH_01	bos_javanicus	Bovini	NC_083888.1	69391874	69392375	-	Functional	24.69	0	22	WGRG	0	YYGIDAWGRGLRVTVSS
bos_javanicus_JH_02	bos_javanicus	Bovini	NC_083888.1	69392423	69392924	-	Functional	13.64	5	24	WGQE	0	NNWLKHWGQEAWALSA
bos_javanicus_JH_03	bos_javanicus	Bovini	NC_083888.1	69392791	69393292	-	Functional	20.27	1	23	WGPG	0	DYADAWGPGLLVTVSS
bos_javanicus_JH_04	bos_javanicus	Bovini	NC_083888.1	69393102	69393603	-	Pseudogene	13.64	5	24	WGQR	0	NAFDSWGQRAPVTVSS
bos_javanicus_JH_05	bos_javanicus	Bovini	NC_083888.1	69393449	69393950	-	Functional	13.64	5	24	WGQR	0	CWDLDLWGQRTPVTVSL
bos_javanicus_JH_06	bos_javanicus	Bovini	NC_083888.1	69393629	69394130	-	ORF	13.64	5	24	NONE	0	TMQTSISGARLPWAPSPQ
bos_taurus_JH_01	bos_taurus	Bovini	NC_037348.1	206531	207031	-	Functional	20.27	1	23	WGXG	0	
bos_taurus_JH_02	bos_taurus	Bovini	NC_037348.1	207080	207580	-	Functional	20.27	1	23	WGXG	0	
bos_taurus_JH_03	bos_taurus	Bovini	NC_037348.1	207447	207947	-	Pseudogene	13.64	5	23	WGXG	1	
bos_taurus_JH_04	bos_taurus	Bovini	NC_037348.1	207758	208258	-	Pseudogene	13.64	5	23	WGXG	1	
bos_taurus_JH_05	bos_taurus	Bovini	NC_037348.1	208106	208606	-	Functional	24.69	1	23	WGXG	0	
bos_taurus_JH_06	bos_taurus	Bovini	NC_037348.1	208286	208786	-	Functional	24.69	1	23	WGXG	0	
bubalus_bubalis_JH_01	bubalus_bubalis	Bovini	NW_005784206.1	366348	366849	-	Functional	24.69	0	22	WGRG	0	YYGLDAWGRGLRVAVSS
bubalus_bubalis_JH_02	bubalus_bubalis	Bovini	NW_005784206.1	366895	367396	-	Pseudogene	13.64	5	23	WGRE	0	NWLEHWGREAWALSA
bubalus_bubalis_JH_03	bubalus_bubalis	Bovini	NW_005784206.1	367317	367818	-	Functional	20.27	1	23	WGPG	0	DYFDNWGPGILVTVSS
bubalus_bubalis_JH_04	bubalus_bubalis	Bovini	NW_005784206.1	367629	368130	-	Pseudogene	13.64	5	24	WGQR	0	NAFDSWGQRTPVTVSS
bubalus_bubalis_JH_05	bubalus_bubalis	Bovini	NW_005784206.1	367978	368479	-	Pseudogene	13.64	5	24	WGQS	0	CWDVDLWGQSTPVTVSL
bubalus_bubalis_JH_06	bubalus_bubalis	Bovini	NW_005784206.1	368151	368652	-	ORF	20.27	1	22	WGQA	0	FHLWGQAALGTISS
bubalus_bubalis_JH_07	bubalus_bubalis	Bovini	NW_005784206.1	382931	383432	-	Pseudogene	13.64	5	23	WGRE	0	NNWLKHWGREAWALSA
bubalus_bubalis_JH_08	bubalus_bubalis	Bovini	NW_005784206.1	383296	383797	-	Functional	20.27	1	23	WGPG	0	DYVDTWGPGVLVTVSS
bubalus_bubalis_JH_09	bubalus_bubalis	Bovini	NW_005784206.1	383607	384108	-	Pseudogene	13.64	5	21	WGQS	0	NAFDSWGQSAPVSVSS
bubalus_bubalis_JH_10	bubalus_bubalis	Bovini	NW_005784206.1	383947	384448	-	Pseudogene	13.64	5	24	WGQR	0	CWDLDFWGQRTPVTVSL
bubalus_bubalis_JH_11	bubalus_bubalis	Bovini	NW_005784206.1	384123	384624	-	Pseudogene	15.85	2	22	WGQA	0	FHLWGQAALGTVSS
capra_hircus_JH_01	capra_hircus	Caprini	NC_030828.1	69030566	69031067	+	Functional	13.64	5	24	NONE	0	DYADFHLWDQGALVTVSS
capra_hircus_JH_02	capra_hircus	Caprini	NC_030828.1	69030747	69031248	+	Functional	13.64	5	24	WGQR	0	CWDLDLWGQRTPVTASL
capra_hircus_JH_03	capra_hircus	Caprini	NC_030828.1	69031081	69031582	+	Functional	13.64	5	24	WGQH	0	AFDSWGQHAPVTVSS
capra_hircus_JH_04	capra_hircus	Caprini	NC_030828.1	69031392	69031893	+	Functional	15.85	2	23	WGPG	0	DYIDYWGPGLLVTVSS
capra_hircus_JH_05	capra_hircus	Caprini	NC_030828.1	69031780	69032281	+	Pseudogene	11.43	6	23	WGQG	0	NDWLKHWGQGPWTLSA
capra_hircus_JH_06	capra_hircus	Caprini	NC_030828.1	69032304	69032805	+	Functional	24.69	0	23	WGRG	0	DYYGVDVWGRGLLVTVSS
cervus_elaphus_JH_01	cervus_elaphus	Cervidae	OU343090.1	71507835	71508336	-	Functional	20.27	1	22	WGRG	0	DYYGIDVWGRGILVTVSSGKSGPS
cervus_elaphus_JH_02	cervus_elaphus	Cervidae	OU343090.1	71508765	71509266	-	Functional	20.27	1	23	WGQG	0	DYIDNWGQGILVTVSS
cervus_elaphus_JH_03	cervus_elaphus	Cervidae	OU343090.1	71509078	71509579	-	Pseudogene	13.64	5	25	WGQR	0	DAFNPWGQRAPVTVSS
cervus_elaphus_JH_04	cervus_elaphus	Cervidae	OU343090.1	71509429	71509930	-	Pseudogene	13.64	5	25	WGQH	0	CWDLELWGQHTPVTVS
connochaetes_taurinus_JH_01	connochaetes_taurinus	Alcelaphini	SJXO01004327.1	21247	21748	+	ORF	13.64	5	23	NONE	0	TMLTSISGTRVPWSPSPQ
connochaetes_taurinus_JH_02	connochaetes_taurinus	Alcelaphini	SJXO01004327.1	21428	21929	+	Pseudogene	13.64	5	23	WGER	0	CWDLGLWGERTPVTVSL
connochaetes_taurinus_JH_03	connochaetes_taurinus	Alcelaphini	SJXO01004327.1	21778	22279	+	Pseudogene	11.43	6	22	WGQR	0	AFDSWGQRTPVTVSS
connochaetes_taurinus_JH_04	connochaetes_taurinus	Alcelaphini	SJXO01004327.1	22089	22590	+	Functional	20.27	1	23	WGPG	0	DYIDYWGPGILVTVSS
connochaetes_taurinus_JH_05	connochaetes_taurinus	Alcelaphini	SJXO01004327.1	22479	22980	+	Pseudogene	13.64	5	24	WGRG	0	NDWLKHWGRGPWTLSA
connochaetes_taurinus_JH_06	connochaetes_taurinus	Alcelaphini	SJXO01004327.1	23002	23503	+	Functional	24.69	0	22	WGRG	0	DYYGIDVWGRGLLVTVSS
dama_dama_JH_01	dama_dama	Cervidae	NC_083693.1	76623035	76623536	-	Functional	20.27	1	22	WGRG	0	DYYGIDVWGRGILVTVSSGKSGPS
dama_dama_JH_02	dama_dama	Cervidae	NC_083693.1	76623965	76624466	-	Functional	20.27	1	23	WGQG	0	DYIDNWGQGILVTVSS
dama_dama_JH_03	dama_dama	Cervidae	NC_083693.1	76624278	76624779	-	Pseudogene	13.64	5	21	WGQR	0	NAFNPWGQRAPVTVSS
dama_dama_JH_04	dama_dama	Cervidae	NC_083693.1	76624629	76625130	-	Pseudogene	13.64	5	25	WGQH	0	CWDLELWGQHTPVTVS
elaphurus_davidianus_JH_01	elaphurus_davidianus	Cervidae	JAJIZU010003803.1	37756	38257	+	Pseudogene	13.64	5	25	WGQH	0	CWDLELWGQHTPVTVS
elaphurus_davidianus_JH_02	elaphurus_davidianus	Cervidae	JAJIZU010003803.1	38127	38628	+	Pseudogene	13.64	5	25	WGQG	0	WGQGAPVTVSSGETALYPL
elaphurus_davidianus_JH_03	elaphurus_davidianus	Cervidae	JAJIZU010003803.1	38421	38922	+	Functional	20.27	1	23	WGQG	0	DYVDNWGQGILVTVSS
elaphurus_davidianus_JH_04	elaphurus_davidianus	Cervidae	JAJIZU010003803.1	39349	39850	+	Functional	20.27	1	22	WGRG	0	DYYGIDVWGRGILVTVSSGKSGPS
hippotragus_equinus_JH_01	hippotragus_equinus	Hippotragini	JAEFBM010016519.1	1316	1817	+	ORF	13.64	5	24	NONE	0	TSISGTRVPWSPSPQ
hippotragus_equinus_JH_02	hippotragus_equinus	Hippotragini	JAEFBM010016519.1	1492	1993	+	Pseudogene	13.64	5	24	WGLD	0	CWGLDLWGERTPATVSL
hippotragus_equinus_JH_03	hippotragus_equinus	Hippotragini	JAEFBM010016519.1	1842	2343	+	Pseudogene	11.43	6	25	WGQR	0	ALDSWGQRAPVTVSS
hippotragus_equinus_JH_04	hippotragus_equinus	Hippotragini	JAEFBM010016519.1	2151	2652	+	Functional	20.27	1	23	WGPG	0	DYIDYWGPGLLVTVSS
hippotragus_equinus_JH_05	hippotragus_equinus	Hippotragini	JAEFBM010016519.1	2541	3042	+	Pseudogene	13.64	5	24	WGRG	0	NDWLKHWGRGPWTLSA
hippotragus_equinus_JH_06	hippotragus_equinus	Hippotragini	JAEFBM010016519.1	3069	3570	+	Pseudogene	15.85	2	22	WGRG	0	DYYSIDVWGRGLLVTVSS
hippotragus_niger_JH_01	hippotragus_niger	Hippotragini	VHQK01014057.1	36744	37245	-	Pseudogene	15.85	2	22	WGRG	0	DYYSIDVWGRGLLVTVSS
hippotragus_niger_JH_02	hippotragus_niger	Hippotragini	VHQK01014057.1	37272	37773	-	Pseudogene	13.64	5	24	WGRG	0	NDWLKHWGRGPWTLSA
hippotragus_niger_JH_03	hippotragus_niger	Hippotragini	VHQK01014057.1	37662	38163	-	Functional	20.27	1	23	WGPG	0	DYIDYWGPGLLVTVSS
hippotragus_niger_JH_04	hippotragus_niger	Hippotragini	VHQK01014057.1	37972	38473	-	Pseudogene	11.43	6	21	WGQR	0	ALDSWGQRAPVTVSS
hippotragus_niger_JH_05	hippotragus_niger	Hippotragini	VHQK01014057.1	38322	38823	-	Pseudogene	13.64	5	24	WGLD	0	CWGLDLWGECTPATVSL
hippotragus_niger_JH_06	hippotragus_niger	Hippotragini	VHQK01014057.1	38502	39003	-	ORF	13.64	5	24	NONE	0	TMLTSISGTRVPWSPSPQ
hippotragus_niger_JH_07	hippotragus_niger	Hippotragini	VHQK01014057.1	77041	77542	+	Pseudogene	13.64	5	21	WGQR	0	LWGQRVPGTMS
kobus_ellipsiprymnus_JH_01	kobus_ellipsiprymnus	Reduncini	SJYR01004272.1	84109	84610	+	Pseudogene	13.64	5	24	WGQR	0	CRGLGLWGQRAPGTVSL
kobus_ellipsiprymnus_JH_02	kobus_ellipsiprymnus	Reduncini	SJYR01004272.1	84459	84960	+	Pseudogene	13.64	5	24	WGQR	0	AFDSWGQRAPVTVSS
kobus_ellipsiprymnus_JH_03	kobus_ellipsiprymnus	Reduncini	SJYR01004272.1	84764	85265	+	Functional	20.27	1	23	WGPG	0	DYFDVWGPGILVTVSS
kobus_ellipsiprymnus_JH_04	kobus_ellipsiprymnus	Reduncini	SJYR01004272.1	85650	86151	+	Functional	24.69	0	22	WGQG	0	DYYSLDAWGQGLQVTVSS
oryx_dammah_JH_01	oryx_dammah	Hippotragini	NW_024070200.1	81701	82202	+	ORF	13.64	5	24	NONE	0	TLLTSISGTRVPWSPSPQ
oryx_dammah_JH_02	oryx_dammah	Hippotragini	NW_024070200.1	81882	82383	+	Pseudogene	13.64	5	24	WGLD	0	CWGLDLWGERTPATVSL
oryx_dammah_JH_03	oryx_dammah	Hippotragini	NW_024070200.1	82232	82733	+	Pseudogene	11.43	6	25	WGQR	0	ALDSWGQRAPVTVSS
oryx_dammah_JH_04	oryx_dammah	Hippotragini	NW_024070200.1	82541	83042	+	Functional	20.27	1	23	WGPG	0	DYIDYWGPGILVTVSS
oryx_dammah_JH_05	oryx_dammah	Hippotragini	NW_024070200.1	82931	83432	+	Pseudogene	13.64	5	24	WGRG	0	NDWLKHWGRGPWTLSA
oryx_dammah_JH_06	oryx_dammah	Hippotragini	NW_024070200.1	83459	83960	+	Pseudogene	15.85	2	22	WGRG	0	DYYSIDVWGRGLLVTISS
oryx_gazella_JH_01	oryx_gazella	Hippotragini	RAWW01004078.1	185341	185842	-	Functional	20.27	1	23	WGRG	0	DYYSIDVWGRGLLVTISS
oryx_gazella_JH_02	oryx_gazella	Hippotragini	RAWW01004078.1	185869	186370	-	Pseudogene	13.64	5	24	WGRG	0	NDWLKHWGRGPWTLSA
oryx_gazella_JH_03	oryx_gazella	Hippotragini	RAWW01004078.1	186259	186760	-	Functional	20.27	1	23	WGPG	0	DYIDYWGPGILVTVSS
oryx_gazella_JH_04	oryx_gazella	Hippotragini	RAWW01004078.1	186464	186965	-	Functional	20.27	1	23	WGPG	0	DYIDYWGPGILVT
oryx_gazella_JH_05	oryx_gazella	Hippotragini	RAWW01004078.1	186709	187210	-	Pseudogene	11.43	6	21	WGQR	0	ALDSWGQRAPVTVSS
oryx_gazella_JH_06	oryx_gazella	Hippotragini	RAWW01004078.1	187059	187560	-	Pseudogene	13.64	5	24	WGLD	0	CWGLDLWGERTPATVSL
oryx_gazella_JH_07	oryx_gazella	Hippotragini	RAWW01004078.1	187239	187740	-	ORF	13.64	5	24	NONE	0	TMLTSISGTRVPWSPSPQ
ovis_ammon_JH_01	ovis_ammon	Caprini	CM098129.1	70143032	70143533	-	Functional	24.69	0	23	WGRG	0	DYYGVDVWGRGLLVTVSS
ovis_ammon_JH_02	ovis_ammon	Caprini	CM098129.1	70143951	70144452	-	Functional	20.27	1	23	WGPG	0	DYIDYWGPGLLGPRTPGHRLL
ovis_ammon_JH_03	ovis_ammon	Caprini	CM098129.1	70144271	70144772	-	Pseudogene	13.64	5	24	WGQR	0	AFDSWGQRAPVTVSS
ovis_ammon_JH_04	ovis_ammon	Caprini	CM098129.1	70144621	70145122	-	Pseudogene	13.64	5	23	WGQR	0	CWDSGLWGQRTPVTVSL
ovis_ammon_JH_05	ovis_ammon	Caprini	CM098129.1	70144802	70145303	-	ORF	13.64	5	23	NONE	0	DYADFHLWDQGALVTVSS
ovis_aries_JH_01	ovis_aries	Caprini	NC_056071.1	67733906	67734406	-	Functional	20.27	1	23	WGXG	0	
ovis_aries_JH_02	ovis_aries	Caprini	NC_056071.1	67734440	67734940	-	Pseudogene	11.43	5	23	WGXG	1	
ovis_aries_JH_03	ovis_aries	Caprini	NC_056071.1	67734817	67735317	-	Functional	20.27	1	23	WGXG	0	
ovis_aries_JH_04	ovis_aries	Caprini	NC_056071.1	67735129	67735629	-	Pseudogene	13.64	5	23	WGXG	1	
ovis_aries_JH_05	ovis_aries	Caprini	NC_056071.1	67735479	67735979	-	Pseudogene	15.85	5	23	WGXG	1	
ovis_aries_JH_06	ovis_aries	Caprini	NC_056071.1	67735660	67736160	-	Pseudogene	13.64	5	23	WGXG	1	
pakistani_river_buffalo_JH_01	pakistani_river_buffalo	Bovini	NC_059176.1	523996	524497	+	Pseudogene	15.85	2	22	WGQA	0	FHLWGQAALGTISS
pakistani_river_buffalo_JH_02	pakistani_river_buffalo	Bovini	NC_059176.1	524172	524673	+	Pseudogene	13.64	5	25	WGQS	0	CWDVDLWGQSTPVTVSL
pakistani_river_buffalo_JH_03	pakistani_river_buffalo	Bovini	NC_059176.1	524520	525021	+	Pseudogene	13.64	5	24	WGQR	0	NAFDSWGQRTPVTVSS
pakistani_river_buffalo_JH_04	pakistani_river_buffalo	Bovini	NC_059176.1	524832	525333	+	Functional	20.27	1	23	WGPG	0	DYFDNWGPGILVTVSS
pakistani_river_buffalo_JH_05	pakistani_river_buffalo	Bovini	NC_059176.1	525255	525756	+	Pseudogene	13.64	5	23	WGRE	0	NWLEHWGREAWALSA
pakistani_river_buffalo_JH_06	pakistani_river_buffalo	Bovini	NC_059176.1	525802	526303	+	Functional	24.69	0	22	WGRG	0	YYGLDAWGRGLRVAVSS
pakistani_river_buffalo_JH_07	pakistani_river_buffalo	Bovini	NC_059176.1	561789	562290	+	Pseudogene	13.64	5	21	WGPG	0	YVDTWGPGVLVTVSS
pakistani_river_buffalo_JH_08	pakistani_river_buffalo	Bovini	NC_059176.1	562152	562653	+	Pseudogene	13.64	5	23	WGRE	0	NNWLKHWGREAWALSA
saiga_tatarica_JH_01	saiga_tatarica	Antilopini	PVIK010249591.1	0	501	-	Pseudogene	13.64	5	23	WGQG	0	NNWLKHWGQGPWALSA
saiga_tatarica_JH_02	saiga_tatarica	Antilopini	PVIK010249591.1	386	887	-	Functional	20.27	1	23	WGPG	0	DYIDFWGPGILVTVSS
saiga_tatarica_JH_03	saiga_tatarica	Antilopini	PVIK010249591.1	881	1382	-	Pseudogene	13.64	5	21	WGQG	0	DYADLHLWGQGTLVTVSS
syncerus_caffer_JH_01	syncerus_caffer	Bovini	SJXX02057738.1	482	983	+	ORF	20.27	1	22	WGQA	0	FHLWGQAALGTVSS
syncerus_caffer_JH_02	syncerus_caffer	Bovini	SJXX02057738.1	658	1159	+	Pseudogene	13.64	5	24	WGQR	0	CWDLDFWGQRTPVTVSL
syncerus_caffer_JH_03	syncerus_caffer	Bovini	SJXX02057738.1	997	1498	+	Pseudogene	13.64	5	21	WGQR	0	NAFDSWGQRAPVSISS
syncerus_caffer_JH_04	syncerus_caffer	Bovini	SJXX02057738.1	1308	1809	+	Functional	20.27	1	23	WGPG	0	DYVDAWGPGILVTVSS
syncerus_caffer_JH_05	syncerus_caffer	Bovini	SJXX02057738.1	1699	2200	+	Pseudogene	13.64	5	21	WGRE	0	NNWLQHWGREAWALSA
syncerus_caffer_JH_06	syncerus_caffer	Bovini	SJXX02057738.1	2227	2728	+	Functional	24.69	0	22	WGQG	0	YYSIYLWGQGIRVTVSS
tragelaphus_eurycerus_JH_01	tragelaphus_eurycerus	Tragelaphini	CAKXYN010000077.1	141223	141724	+	Pseudogene	11.43	6	21	WGRE	0	NNWLKQWGREAWALSA
tragelaphus_eurycerus_JH_02	tragelaphus_eurycerus	Tragelaphini	CAKXYN010000077.1	141771	142272	+	ORF	24.69	0	22	WGHG	0	YYGIDIWGHGAVVTISS
tragelaphus_eurycerus_JH_03	tragelaphus_eurycerus	Tragelaphini	CAKXYN010000077.1	194543	195044	+	Pseudogene	15.85	2	21	WGQS	0	YADFHLWGQSALGTVSS
tragelaphus_eurycerus_JH_04	tragelaphus_eurycerus	Tragelaphini	CAKXYN010000077.1	194723	195224	+	Pseudogene	13.64	5	25	WGQR	0	CWDLDHWGQRTPVTMS
tragelaphus_eurycerus_JH_05	tragelaphus_eurycerus	Tragelaphini	CAKXYN010000077.1	195057	195558	+	Pseudogene	13.64	5	21	WGQR	0	NALDSWGQRAPLTVSS
tragelaphus_eurycerus_JH_06	tragelaphus_eurycerus	Tragelaphini	CAKXYN010000077.1	195363	195864	+	Functional	20.27	1	23	WGRG	0	DYIDLWGRGIHVTVSS
tragelaphus_eurycerus_JH_07	tragelaphus_eurycerus	Tragelaphini	CAKXYN010000077.1	195704	196205	+	Functional	13.64	5	24	WGQE	0	NNWLKHWGQEAWALSA
tragelaphus_eurycerus_JH_08	tragelaphus_eurycerus	Tragelaphini	CAKXYN010000077.1	196253	196754	+	ORF	24.69	0	22	WGHG	0	YYGIDIWGHGAVVTISS
tragelaphus_eurycerus_JH_09	tragelaphus_eurycerus	Tragelaphini	CAKXYN010000077.1	276068	276569	+	Pseudogene	15.85	2	21	WGQA	0	YADFHLWGQAALG
tragelaphus_eurycerus_JH_10	tragelaphus_eurycerus	Tragelaphini	CAKXYN010000077.1	276253	276754	+	Pseudogene	13.64	5	25	WGQR	0	CWDLDHWGQRTPVTMS
tragelaphus_eurycerus_JH_11	tragelaphus_eurycerus	Tragelaphini	CAKXYN010000077.1	276588	277089	+	Pseudogene	13.64	5	24	WGQR	0	ALDSWGQRTPLTVPS
tragelaphus_eurycerus_JH_12	tragelaphus_eurycerus	Tragelaphini	CAKXYN010000077.1	276888	277389	+	Functional	20.27	1	23	WGPG	0	QHCAYIDAWGPGTLVTVSS
tragelaphus_eurycerus_JH_13	tragelaphus_eurycerus	Tragelaphini	CAKXYN010000077.1	277262	277763	+	Pseudogene	11.43	6	21	WGRE	0	WLKHWGREAWALSA
tragelaphus_strepsiceros_JH_01	tragelaphus_strepsiceros	Tragelaphini	SJYU01005070.1	2901	3402	-	Functional	24.69	0	22	WGQG	0	YYGIDIWGQGAVVTISS
tragelaphus_strepsiceros_JH_02	tragelaphus_strepsiceros	Tragelaphini	SJYU01005070.1	3448	3949	-	Pseudogene	13.64	5	21	WGRE	0	NNWLKQWGREAWALSA
tragelaphus_strepsiceros_JH_03	tragelaphus_strepsiceros	Tragelaphini	SJYU01005070.1	3817	4318	-	Functional	20.27	1	23	WGRG	0	DYIDLWGRGIHVTVSS
tragelaphus_strepsiceros_JH_04	tragelaphus_strepsiceros	Tragelaphini	SJYU01005070.1	4124	4625	-	Pseudogene	13.64	5	21	WGQR	0	NAFDSWGQRAPLTISS
tragelaphus_strepsiceros_JH_05	tragelaphus_strepsiceros	Tragelaphini	SJYU01005070.1	4473	4974	-	Pseudogene	13.64	5	25	WGQR	0	CWDLDHWGQRTPVTMS
tragelaphus_strepsiceros_JH_06	tragelaphus_strepsiceros	Tragelaphini	SJYU01005070.1	4658	5159	-	Pseudogene	13.64	5	25	WGQA	0	YDDFHLWGQAALG
bos_grunniens_JH_01	bos_grunniens	Bovini	CM016706.1	76023228	76023275	-	Pseudogene	13.64	5	23	WGRE	0	NNWLKHWGREAWALSA
bos_grunniens_JH_02	bos_grunniens	Bovini	CM016706.1	76023615	76023669	-	Pseudogene	15.85	2	21	WGQA	0	DYADFHLWGQAALVTVSS
bison_bison_JH_01	bison_bison	Bovini	KN265145.1	23847	23894	-	Functional	13.64	5	24	WGQE	0	NNWLKHWGQEAWALSA
bison_bison_JH_02	bison_bison	Bovini	KN265145.1	24215	24262	-	Functional	20.27	1	23	WGPG	0	DYVDAWGPGLLVTVSS
bison_bison_JH_03	bison_bison	Bovini	KN265145.1	24671	24721	-	Functional	13.64	5	24	WGQR	0	CWDLDLWGQRTPVTVSL
capra_ibex_JH_01	capra_ibex	Caprini	CM137823.1	304433	304487	+	ORF	13.64	5	24	NONE	0	EYADFHLWDQGALVTVSS
capra_ibex_JH_02	capra_ibex	Caprini	CM137823.1	304616	304666	+	Functional	13.64	5	24	WGQR	0	CWDLDLWGQRTPVTASL
capra_ibex_JH_03	capra_ibex	Caprini	CM137823.1	304953	304997	+	Pseudogene	13.64	5	24	WGQH	0	AFDSWGQHAPVTVSS
capra_ibex_JH_04	capra_ibex	Caprini	CM137823.1	305263	305310	+	Pseudogene	15.85	2	23	WGPG	0	DYIDYWGPGLLVTVSS
capra_ibex_JH_05	capra_ibex	Caprini	CM137823.1	305651	305698	+	Pseudogene	11.43	6	23	WGQG	0	NDWLKHWGQGPWTLSA
capra_ibex_JH_06	capra_ibex	Caprini	CM137823.1	306172	306225	+	Functional	20.27	1	23	WGRG	0	DYYGVDVWGRGLLVTVSS
